{"green": [[135.80078125000006, 125.15609375000001, 103.07093749999999], [143.59484375, 135.03484375, 112.23453124999999], [147.44875, 138.51421875000005, 115.04640625000005], [151.03093750000002, 141.63296875000003, 118.07484375000001], [150.809375, 141.29749999999996, 117.60734375], [151.19968749999998, 141.06921875, 117.38578125000001], [148.50328125000004, 138.65671875000004, 114.56968750000003], [161.05406249999996, 149.61453125000003, 124.61671874999999], [160.10328125000004, 151.37921875, 118.99828124999999], [163.93187500000005, 154.67265625, 120.60218749999997], [83.85828125000002, 120.91999999999999, 78.87632812499997], [83.7203125, 120.81367187499998, 78.58804687499999], [84.11164062500002, 120.86382812499994, 78.48085937499995], [84.25203124999999, 120.97390625000003, 78.694375], [83.99101562499999, 121.00062500000004, 78.71953125], [68.24986111111112, 84.30006944444443, 73.33847222222228], [83.84578125000004, 120.958828125, 78.68195312499996], [83.79757812499996, 120.865234375, 78.89171875000002], [84.22242187499998, 120.86570312499998, 78.62609375000001], [84.1075, 120.85445312500003, 78.593828125], [84.00140625000002, 120.86687499999994, 78.54593749999998], [83.91320312499998, 120.74828124999995, 78.50218750000002], [68.71173611111112, 84.39868055555556, 73.36569444444444], [84.25992187499999, 120.83117187500004, 78.47234375000004]], "red": [[194.33593749999997, 99.98734375000001, 127.91953125000006], [195.46609375, 114.13390624999997, 130.26203124999998], [187.91953125000003, 107.5809375, 126.75437500000001], [191.65765624999995, 109.83343749999999, 128.05218750000006], [191.00828125, 109.00843749999997, 126.50859375000002], [192.06015625000003, 109.97968749999998, 127.60406249999997], [196.79578124999995, 112.88562499999998, 128.41109375], [191.89562500000005, 109.27390625000001, 128.42406250000005], [24.27166666666665, 16.511041666666664, 90.45052083333333], [24.039479166666673, 16.537708333333327, 90.55874999999999], [24.11489583333334, 16.576041666666665, 90.31468749999993], [23.904375, 16.541875000000005, 90.42374999999996], [24.20802083333332, 16.518333333333338, 90.37041666666666], [24.347083333333337, 16.613750000000003, 90.24520833333331], [24.17178571428571, 21.666071428571428, 62.157946428571435]], "blue": [[54.35406249999999, 49.6321875, 48.49802083333332], [96.26600000000003, 80.3745, 33.87937500000001], [96.220375, 80.33024999999999, 34.08387499999999], [96.63199999999999, 80.39912500000003, 33.42524999999999], [36.21531250000001, 30.84854166666666, 34.32802083333333], [77.56249999999999, 62.53387500000002, 26.168500000000005], [78.16287500000001, 62.429125000000006, 26.326500000000014]], "yellow": [[196.8003906249999, 151.86757812499988, 201.57695312499993], [197.02343750000003, 151.75210937500003, 197.74539062499997], [199.161171875, 153.65664062499994, 198.11640624999993], [198.44515625000008, 153.11695312500004, 197.31929687499994], [197.60328124999995, 152.41257812500012, 195.60148437499987], [196.73406249999996, 151.64703125000008, 194.15539062499994], [193.74632812500002, 149.03320312499997, 190.59671874999998], [192.96875000000003, 148.06195312499995, 189.66460937499997], [191.44125000000008, 146.77828125000002, 188.52585937499992], [171.89742187499985, 126.16453125000001, 171.12679687499994], [203.3592968749999, 152.235546875, 192.40640625000003], [216.04390624999988, 165.70945312499998, 208.02843749999997], [220.30843750000003, 170.01601562499994, 216.2271874999999], [217.9557812499999, 167.42656250000005, 217.35632812499995], [225.10578124999992, 174.58492187500002, 224.4931249999999], [217.64374999999995, 167.26421874999994, 217.38835937499985], [218.3803906250001, 167.7784375, 219.5455468749999], [220.7229687499999, 170.15820312500006, 221.9777343749999], [220.97968750000004, 170.49664062499994, 221.96742187500013], [225.687265625, 175.32609375000004, 224.75140625], [224.44421875000006, 173.94265625000006, 224.48468749999992], [226.63937499999992, 176.19570312499994, 225.75851562500003], [226.24124999999987, 175.73906249999996, 225.45773437499992], [227.544375, 176.86414062500003, 226.40171875000004], [232.1818749999999, 181.90648437500005, 228.89843749999994], [231.08570312499992, 180.69523437499998, 228.19734374999985], [230.39242187500008, 179.90054687499986, 227.86789062499997], [226.30874999999997, 176.19343750000007, 222.08710937499995], [228.11296875, 178.02664062499994, 224.89281249999993], [226.65726562500004, 176.72859374999993, 222.51882812499997], [226.20101562499994, 176.17757812500008, 221.67632812499988], [223.07281250000005, 172.82687500000003, 218.59265624999983]]}